{
  "mae": 2.5127463761549746,
  "r2": 0.9784755043594124,
  "n_test": 1600
}